<?xml version="1.0" encoding="UTF-8"?>
<project name="" default="default" basedir=".">

    <property file="nbproject/project.properties"/>
    <!--
    <property name="jars_ext_home" location="${build.dir}/../lib"/>
    -->
    <!--
    <macrodef name="psml2java">
        <attribute default="${file}" name="file"/>
        <attribute default="" name="dstdir"/>
        <sequential>
            <echo>@{file}</echo>
            <java classname="org.uncc.psml.editortools.PSML2Java"
                  fork="true"
                  failonerror="true"
                  maxmemory="128m">
                <arg line="-d @{dstdir}"/>
                <arg line="@{file}"/>
                <classpath>
                    <pathelement location="${jars_ext_home}/PSML2Java.jar"/>
                    <pathelement location="${jars_ext_home}/antlr-runtime-4.1.jar"/>
                    <pathelement location="${jars_ext_home}/ShaRP.jar"/>
                    <pathelement location="${jars_ext_home}/j3dcore.jar"/>
                    <pathelement path="${java.class.path}"/>
                </classpath>
            </java>
        </sequential>
    </macrodef>
    -->
    <target name="init">
        <!-- Create the time stamp -->
        <tstamp/>
        <!-- Create the build directory structure used by compile -->
        <!--<mkdir dir="${build.dir}"/>-->
    </target>

    <target name="compile-single" depends="init" description="Convert PSML files to Java source code.">
        <echo>Compiling ${destfile} currently not supported.</echo>
        <!--
        <psml2java dstdir="${build.dir}" file="${destfile}"/>
        <ant antfile="build.xml"            
            target="compile-single" dir="java" inheritAll="false">
            <property name="build.dir" value="build"/>
            <property name="dist.dir" value="dist"/> 
            <property name="src.dir" value="src"/> 
            <property name="javac.includes" value=""/>
            <property name="nb.internal.action.name" value="debug.single"/>
        </ant>
        -->
        <!-- copy non-psm source files to java source directory -->
        <!--<path id="non-psm.source.fileset">
            <fileset dir="${src.dir}" casesensitive="yes">
                <exclude name="**/*.psm"/>
                <depend targetdir="${build.dir}">
                </depend>
            </fileset>            
        </path>
        <echo>Copying non-psm files to ${build.dir}.</echo>
        <copy todir="${build.dir}">
            <path refid="non-psm.source.fileset"/>            
        </copy>
        -->
        <!-- copy non-psm source files to java build directory -->
        <!--<path id="non-psm.source.fileset">
            <fileset dir="${src.dir}" casesensitive="yes">
                <exclude name="**/*.psm"/>
                <depend targetdir="${build.dir}/../build/classes">
                </depend>
            </fileset>            
        </path>
        <echo>Copying non-psm files to ${build.dir}/../build.</echo>
        <copy todir="${build.dir}/../build/classes">
            <path refid="non-psm.source.fileset"/>            
        </copy>
        -->
    </target>
    <!--
    <target name="convert-single" depends="init" description="Convert PSML files to Java source code.">
        <echo>Converting ${destfile}</echo>
        <psml2java dstdir="${build.dir}" file="${destfile}"/>
    </target>
    -->
    <target name="compile" depends="init" description="Convert PSML files to Java source code.">
        <echo>Calling ${make} -f Makefile from ${ros.ws}...</echo>
        <exec executable="${make}" dir="${ros.ws}">
            <arg value="-f"/>
            <arg value="Makefile"/>
        </exec>
        <!-- import ant-contrib tasks to allow needed foreach task -->
        <!--
        <taskdef resource="net/sf/antcontrib/antcontrib.properties">
            <classpath>
                <pathelement location="${jars_ext_home}/ant-contrib-1.0b3.jar"/>
            </classpath>
        </taskdef>
        -->
        <!-- convert all psm files to java files in the the java project src folder -->
        <!--
        <path id="psm.source.fileset">
            <fileset dir="${src.dir}" casesensitive="yes">
                <include name="**/*.psm"/>
                <depend targetdir="${build.dir}">
                    <mapper type="glob" from="*.psm" to="*.java"/>
                </depend>
            </fileset>            
        </path>
        <foreach target="convert-single" param="destfile">
            <path refid="psm.source.fileset"/>
        </foreach>
        -->
        <!-- copy non-psm files to the java project -->
        <!--
        <path id="non-psm.source.fileset">
            <fileset dir="${src.dir}" casesensitive="yes">
                <exclude name="**/*.psm"/>
                <depend targetdir="${build.dir}">
                </depend>
            </fileset>            
        </path>
        <echo>Copying non-psm files to ${build.dir}.</echo>
        <copy todir="${build.dir}">
            <path refid="non-psm.source.fileset"/>            
        </copy>
        
        <ant antfile="build.xml"            
            target="jar" dir="java" inheritAll="false">
            <property name="build.dir" value="build"/>
            <property name="dist.dir" value="dist"/> 
            <property name="src.dir" value="src"/> 
            <property name="nb.internal.action.name" value="build"/>
            <property file="${build.dir}/../nbproject/project.properties"/>
        </ant>
        -->
    </target>
    
    <target name="run" description="run application" >
        <echo>Running application currently not supported.</echo>
    </target>

    <target name="run-single" depends="init,compile-single" description="run single class" >
        <echo>Running source file ${javac.includes} currently not supported.</echo>
        <!--
        <ant antfile="build.xml"            
            target="run-single" dir="java" inheritAll="false">
            <property name="build.dir" value="build"/>
            <property name="dist.dir" value="dist"/> 
            <property name="src.dir" value="src"/>
            <property name="run.class" value="${classname}"/>
            <property name="nb.internal.action.name" value="run.single"/>
        </ant>    
        -->
    </target>

    <target name="clean" description="clean up" >
        <echo>Calling "${make} -f Makefile clean" in directory "${ros.ws}"...</echo>
        <exec executable="${make}" dir="${ros.ws}">
            <arg value="-f"/>
            <arg value="Makefile"/>
            <arg value="clean"/>
        </exec>
        <!-- Delete the ${build} and ${dist} directory trees -->
        <!--<delete dir="${build.dir}"/>-->
        <!--<delete dir="${dist.dir}"/>-->
    </target>

</project>
