<?xml version="1.0" encoding="UTF-8"?>
<configurationDescriptor version="95">
  <logicalFolder name="root" displayName="root" projectFiles="true" kind="ROOT">
    <df root="." name="0">
      <df name="build">
        <df name="catkin">
          <df name="catkin_generated">
            <df name="version">
            </df>
          </df>
        </df>
        <df name="catkin_generated">
          <df name="installspace">
          </df>
          <df name="metapackages">
            <df name="slam_gmapping">
            </df>
          </df>
          <df name="stamps">
            <df name="Project">
            </df>
          </df>
        </df>
        <df name="CMakeFiles">
          <df name="2.8.12.2">
            <df name="CompilerIdC">
              <in>CMakeCCompilerId.c</in>
            </df>
            <df name="CompilerIdCXX">
              <in>CMakeCXXCompilerId.cpp</in>
            </df>
          </df>
          <df name="clean_test_results.dir">
          </df>
          <df name="CMakeTmp">
          </df>
          <df name="download_extra_data.dir">
          </df>
          <df name="doxygen.dir">
          </df>
          <df name="run_tests.dir">
          </df>
          <df name="tests.dir">
          </df>
        </df>
        <df name="gtest">
          <df name="CMakeFiles">
            <df name="gtest.dir">
              <df name="src">
              </df>
            </df>
            <df name="gtest_main.dir">
              <df name="src">
              </df>
            </df>
          </df>
        </df>
        <df name="slam_gmapping">
          <df name="gmapping">
            <df name="catkin_generated">
              <df name="installspace">
              </df>
              <df name="stamps">
                <df name="gmapping">
                </df>
              </df>
            </df>
            <df name="CMakeFiles">
              <df name="_run_tests_gmapping.dir">
              </df>
              <df name="_run_tests_gmapping_rostest.dir">
              </df>
              <df name="_run_tests_gmapping_rostest_test_basic_localization_laser_different_beamcount.test.dir">
              </df>
              <df name="_run_tests_gmapping_rostest_test_basic_localization_stage.launch.dir">
              </df>
              <df name="_run_tests_gmapping_rostest_test_basic_localization_stage_replay.launch.dir">
              </df>
              <df name="_run_tests_gmapping_rostest_test_basic_localization_stage_replay2.launch.dir">
              </df>
              <df name="_run_tests_gmapping_rostest_test_basic_localization_symmetry.launch.dir">
              </df>
              <df name="_run_tests_gmapping_rostest_test_basic_localization_upside_down.launch.dir">
              </df>
              <df name="actionlib_generate_messages_cpp.dir">
              </df>
              <df name="actionlib_generate_messages_lisp.dir">
              </df>
              <df name="actionlib_generate_messages_py.dir">
              </df>
              <df name="actionlib_msgs_generate_messages_cpp.dir">
              </df>
              <df name="actionlib_msgs_generate_messages_lisp.dir">
              </df>
              <df name="actionlib_msgs_generate_messages_py.dir">
              </df>
              <df name="geometry_msgs_generate_messages_cpp.dir">
              </df>
              <df name="geometry_msgs_generate_messages_lisp.dir">
              </df>
              <df name="geometry_msgs_generate_messages_py.dir">
              </df>
              <df name="gmapping-rtest.dir">
                <df name="test">
                </df>
              </df>
              <df name="gmapping_basic_localization_stage_groundtruth.pgm.dir">
              </df>
              <df name="gmapping_basic_localization_stage_indexed.bag.dir">
              </df>
              <df name="gmapping_hallway_slow_2011-03-04-21-41-33.bag.dir">
              </df>
              <df name="gmapping_test_replay_crash.bag.dir">
              </df>
              <df name="gmapping_test_turtlebot.bag.dir">
              </df>
              <df name="gmapping_test_upside_down.bag.dir">
              </df>
              <df name="nav_msgs_generate_messages_cpp.dir">
              </df>
              <df name="nav_msgs_generate_messages_lisp.dir">
              </df>
              <df name="nav_msgs_generate_messages_py.dir">
              </df>
              <df name="roscpp_generate_messages_cpp.dir">
              </df>
              <df name="roscpp_generate_messages_lisp.dir">
              </df>
              <df name="roscpp_generate_messages_py.dir">
              </df>
              <df name="rosgraph_msgs_generate_messages_cpp.dir">
              </df>
              <df name="rosgraph_msgs_generate_messages_lisp.dir">
              </df>
              <df name="rosgraph_msgs_generate_messages_py.dir">
              </df>
              <df name="run_tests_gmapping.dir">
              </df>
              <df name="run_tests_gmapping_rostest.dir">
              </df>
              <df name="run_tests_gmapping_rostest_test_basic_localization_laser_different_beamcount.test.dir">
              </df>
              <df name="run_tests_gmapping_rostest_test_basic_localization_stage.launch.dir">
              </df>
              <df name="run_tests_gmapping_rostest_test_basic_localization_stage_replay.launch.dir">
              </df>
              <df name="run_tests_gmapping_rostest_test_basic_localization_stage_replay2.launch.dir">
              </df>
              <df name="run_tests_gmapping_rostest_test_basic_localization_symmetry.launch.dir">
              </df>
              <df name="run_tests_gmapping_rostest_test_basic_localization_upside_down.launch.dir">
              </df>
              <df name="sensor_msgs_generate_messages_cpp.dir">
              </df>
              <df name="sensor_msgs_generate_messages_lisp.dir">
              </df>
              <df name="sensor_msgs_generate_messages_py.dir">
              </df>
              <df name="slam_gmapping.dir">
                <df name="src">
                </df>
              </df>
              <df name="slam_gmapping_replay.dir">
                <df name="src">
                </df>
              </df>
              <df name="std_msgs_generate_messages_cpp.dir">
              </df>
              <df name="std_msgs_generate_messages_lisp.dir">
              </df>
              <df name="std_msgs_generate_messages_py.dir">
              </df>
              <df name="tf2_msgs_generate_messages_cpp.dir">
              </df>
              <df name="tf2_msgs_generate_messages_lisp.dir">
              </df>
              <df name="tf2_msgs_generate_messages_py.dir">
              </df>
              <df name="tf_generate_messages_cpp.dir">
              </df>
              <df name="tf_generate_messages_lisp.dir">
              </df>
              <df name="tf_generate_messages_py.dir">
              </df>
            </df>
          </df>
          <df name="slam_gmapping">
            <df name="catkin_generated">
              <df name="stamps">
                <df name="slam_gmapping">
                </df>
              </df>
            </df>
            <df name="CMakeFiles">
              <df name="_catkin_empty_exported_target.dir">
              </df>
            </df>
          </df>
        </df>
        <df name="test_results">
        </df>
      </df>
      <df name="devel">
        <df name="lib">
          <df name="gmapping">
          </df>
          <df name="pkgconfig">
          </df>
        </df>
        <df name="share">
          <df name="gmapping">
            <df name="cmake">
            </df>
          </df>
        </df>
      </df>
      <df name="src">
        <df name="slam_gmapping">
          <df name="gmapping">
            <df name="launch">
            </df>
            <df name="src">
              <in>main.cpp</in>
              <in>replay.cpp</in>
              <in>slam_gmapping.cpp</in>
              <in>slam_gmapping.h</in>
              <in>tftest.cpp</in>
            </df>
            <df name="test">
              <in>rtest.cpp</in>
            </df>
          </df>
          <df name="slam_gmapping">
          </df>
        </df>
      </df>
    </df>
  </logicalFolder>
  <projectmakefile>Makefile</projectmakefile>
  <confs>
    <conf name="Default" type="0">
      <toolsSet>
        <developmentServer>localhost</developmentServer>
        <platform>2</platform>
      </toolsSet>
      <compile>
        <compiledirpicklist>
          <compiledirpicklistitem>.</compiledirpicklistitem>
          <compiledirpicklistitem>${AUTO_FOLDER}</compiledirpicklistitem>
        </compiledirpicklist>
        <compiledir>${AUTO_FOLDER}</compiledir>
        <compilecommandpicklist>
          <compilecommandpicklistitem>${MAKE} ${ITEM_NAME}.o</compilecommandpicklistitem>
          <compilecommandpicklistitem>${AUTO_COMPILE}</compilecommandpicklistitem>
        </compilecommandpicklist>
        <compilecommand>${AUTO_COMPILE}</compilecommand>
      </compile>
      <dbx_gdbdebugger version="1">
        <gdb_pathmaps>
        </gdb_pathmaps>
        <gdb_interceptlist>
          <gdbinterceptoptions gdb_all="false" gdb_unhandled="true" gdb_unexpected="true"/>
        </gdb_interceptlist>
        <gdb_options>
          <DebugOptions>
          </DebugOptions>
        </gdb_options>
        <gdb_buildfirst gdb_buildfirst_overriden="false" gdb_buildfirst_old="false"/>
      </dbx_gdbdebugger>
      <nativedebugger version="1">
        <engine>gdb</engine>
      </nativedebugger>
      <runprofile version="9">
        <runcommandpicklist>
          <runcommandpicklistitem>"${OUTPUT_PATH}"</runcommandpicklistitem>
        </runcommandpicklist>
        <runcommand>"${OUTPUT_PATH}"</runcommand>
        <rundir>.</rundir>
        <buildfirst>false</buildfirst>
        <terminal-type>0</terminal-type>
        <remove-instrumentation>0</remove-instrumentation>
        <environment>
        </environment>
      </runprofile>
    </conf>
  </confs>
</configurationDescriptor>
