<?xml version="1.0" encoding="UTF-8"?>
<configurationDescriptor version="95">
  <logicalFolder name="root" displayName="root" projectFiles="true" kind="ROOT">
    <logicalFolder name="Modules"
                   displayName="Modules"
                   projectFiles="true"
                   root="/usr/share/cmake-2.8/Modules">
      <itemPath>/usr/share/cmake-2.8/Modules/CMakeCCompilerABI.c</itemPath>
      <itemPath>/usr/share/cmake-2.8/Modules/CMakeCXXCompilerABI.cpp</itemPath>
      <itemPath>/usr/share/cmake-2.8/Modules/CMakeCompilerABI.h</itemPath>
      <itemPath>/usr/share/cmake-2.8/Modules/CheckFunctionExists.c</itemPath>
    </logicalFolder>
    <df root="." name="0">
      <df name="build">
        <df name="CMakeFiles">
          <df name="2.8.12.2">
            <df name="CompilerIdC">
              <in>CMakeCCompilerId.c</in>
            </df>
            <df name="CompilerIdCXX">
              <in>CMakeCXXCompilerId.cpp</in>
            </df>
          </df>
        </df>
      </df>
    </df>
    <logicalFolder name="ExternalFiles"
                   displayName="Important Files"
                   projectFiles="false"
                   kind="IMPORTANT_FILES_FOLDER">
      <itemPath>Makefile</itemPath>
    </logicalFolder>
  </logicalFolder>
  <sourceFolderFilter>^(nbproject)$</sourceFolderFilter>
  <sourceRootList>
    <Elem>.</Elem>
  </sourceRootList>
  <projectmakefile>Makefile</projectmakefile>
  <confs>
    <conf name="Default" type="0">
      <toolsSet>
        <compilerSet>default</compilerSet>
        <dependencyChecking>false</dependencyChecking>
        <rebuildPropChanged>false</rebuildPropChanged>
      </toolsSet>
      <codeAssistance>
      </codeAssistance>
      <makefileType>
        <makeTool>
          <buildCommandWorkingDir>.</buildCommandWorkingDir>
          <buildCommand>${MAKE} -f Makefile</buildCommand>
          <cleanCommand>${MAKE} -f Makefile clean</cleanCommand>
          <executablePath></executablePath>
        </makeTool>
      </makefileType>
      <item path="/usr/share/cmake-2.8/Modules/CMakeCCompilerABI.c"
            ex="false"
            tool="0"
            flavor2="0">
      </item>
      <item path="/usr/share/cmake-2.8/Modules/CMakeCXXCompilerABI.cpp"
            ex="false"
            tool="1"
            flavor2="0">
      </item>
      <item path="/usr/share/cmake-2.8/Modules/CheckFunctionExists.c"
            ex="false"
            tool="0"
            flavor2="0">
        <cTool>
          <preprocessorList>
            <Elem>CHECK_FUNCTION_EXISTS=pthread_create</Elem>
          </preprocessorList>
        </cTool>
      </item>
      <item path="build/CMakeFiles/2.8.12.2/CompilerIdC/CMakeCCompilerId.c"
            ex="false"
            tool="0"
            flavor2="0">
      </item>
      <item path="build/CMakeFiles/2.8.12.2/CompilerIdCXX/CMakeCXXCompilerId.cpp"
            ex="false"
            tool="1"
            flavor2="0">
      </item>
      <folder path="Modules">
        <cTool>
          <incDir>
            <pElem>build/CMakeFiles/CMakeTmp</pElem>
          </incDir>
        </cTool>
        <ccTool>
          <incDir>
            <pElem>build/CMakeFiles/CMakeTmp</pElem>
          </incDir>
        </ccTool>
      </folder>
    </conf>
  </confs>
</configurationDescriptor>
